Q13,Q1,Q2,Q3,Q4,Q11,Q6,Q7,Q8,Q9,Q10,Q14,Q15,Q16,Q17,Q18,Q19,Q20
Participant ID,What is your age?,How do you describe yourself? - Selected Choice,Which of the following best describes your current university year or level of study,How frequently do you use ChatGPT?,"What do you usually use ChatGPT for?
Add as many responses you want, separated by commas.",I am willing to take decisions based on the recommendations provided by ChatGPT,I am willing to use ChatGPT in the future,I often use ChatGPT,I am used to using ChatGPT,The use of ChatGPT is a habit for me,How frequently do you use ChatGPT for software engineering tasks?,"What software engineering tasks do you usually use ChatGPT for?
Add as many responses you want, separated by commas.",I am willing to take software engineering related decisions based on the recommendations provided by ChatGPT,I am willing to use ChatGPT for software engineering tasks in the future,I often use ChatGPT for software engineering tasks,I am used to using ChatGPT for software engineering tasks,The use of ChatGPT for software engineering tasks is a habit for me
1,22,Male,Fourth year,Once per week,"help solve coursework tasks, help me in academic writing, sum up a big chunk of text, debug my code",Agree,Strongly agree,Agree,Agree,Neither agree nor disagree,Once per week,"solve bugs in my code, help me write code when I learn a new language",Agree,Agree,Agree,Agree,Neither agree nor disagree
2,22,Male,Fifth Year,At least once a month,Summarization tasks,Disagree,Agree,Disagree,Disagree,Disagree,At least once a month,None,Disagree,Agree,Strongly disagree,Strongly disagree,Strongly disagree
3,21,Male,Fifth Year,Once per week,"advice with questions, further understanding of a topic, help generate basic code",Agree,Agree,Agree,Agree,Strongly disagree,Once per week,"basic boilerplate code, debugging, help with algorithms",Agree,Agree,Disagree,Agree,Strongly disagree
4,21,Male,Fourth year,More than once a week,Coding suggestions or summarising of documents.,Agree,Strongly agree,Strongly agree,Agree,Agree,More than once a week,Typically generation of test cases or explaining larger pieces of code.,Agree,Agree,Agree,Agree,Agree
5,24,Male,Third year,Almost every day,"Learning, getting information, confirming something, spot errors, spell checking, getting inspiration",Agree,Strongly agree,Strongly agree,Strongly agree,Strongly agree,More than once a week,"Error checking, get information from documentation, examples of codes / coding patterns.",Agree,Agree,Strongly agree,Strongly agree,Agree
6,23,Male,Fourth year,More than once a week,"Troubleshooting issues I might be having with a technology I'm unfamiliar with, Trying to understand if my thought process is coherent by explaining to ChatGPT what I'm doing and asking it if it's clear, To make sure that a particular approach I'm taking to solve a problem is the correct one ",Agree,Agree,Agree,Agree,Neither agree nor disagree,More than once a week,"Troubleshooting, Brainstorming, Debugging",Agree,Agree,Neither agree nor disagree,Agree,Neither agree nor disagree
7,22,Male,Third year,More than once a week,"Usually for studying, sometimes just for some idea generation",Agree,Agree,Agree,Agree,Agree,More than once a week,I usually ask it about errors I might be having or to give me the best practices I should be implementing in my code,Agree,Agree,Agree,Agree,Agree
8,24,Male,Fourth year,Once per week,"Idea generation so lists of options for something, sometimes for checking code.",Agree,Strongly agree,Agree,Strongly agree,Neither agree nor disagree,Once per week,Understanding code,Agree,Agree,Disagree,Agree,Disagree
9,39,Female,Postgraduate,Almost every day,To write personal post on social media. To write academic papers as a grammar corrector. To write a message to native English speaking on WhatsApp. To write an official email for businesses. To find information about certain applications and/or platforms. To learn in ML and find the appropriate algorithms.,Agree,Strongly agree,Strongly agree,Strongly agree,Strongly agree,Once per week,Writing Python codes in ML platforms such as Spyder. Writing a specific code to do specific task. To find the appropriate platform used for coding specific task. To find suggested libraries for ML training.,Agree,Agree,Agree,Agree,Neither agree nor disagree
10,23,Male,Fourth year,Almost every day,"Code, Essays",Agree,Agree,Agree,Agree,Agree,More than once a week,"Front end, Testing, Backend",Agree,Agree,Agree,Agree,Agree
11,22,Male,Third year,At least once a month,Programming,Agree,Agree,Neither agree nor disagree,Disagree,Disagree,At least once a month,"Artificial Intelligence coding, games development coding, C++",Agree,Agree,Neither agree nor disagree,Disagree,Disagree
12,22,Male,Fourth year,Almost every day,"Organising data, summarizing text, creating an action plan, asking for obscure questions, helping with bug fixes, helping with creating virtual environments",Agree,Strongly agree,Strongly agree,Strongly agree,Neither agree nor disagree,Once per week,"bug fixes, top level design",Agree,Strongly agree,Agree,Agree,Neither agree nor disagree
13,24,Male,Fourth year,More than once a week,"recipes,code,debugging,cv ",Agree,Agree,Strongly agree,Strongly agree,Agree,More than once a week,"design,debugging,learning",Agree,Strongly agree,Agree,Agree,Neither agree nor disagree
14,24,Female,Fourth year,Almost every day,"planning long written responses to questions (section headings), simple syntax questions (ie how to select some element in java), making my answers more concise",Agree,Strongly agree,Strongly agree,Strongly agree,Strongly agree,Almost every day,"simple syntax questions in a given language, breaking down a problem into smaller sections, code refactoring, ideas of how to find where a bug is",Agree,Strongly agree,Strongly agree,Strongly agree,Strongly agree
15,23,Male,Fourth year,More than once a week,"I use it for job applications, studying, writing emails. ",Strongly agree,Strongly agree,Strongly agree,Strongly agree,Strongly agree,More than once a week,"verifying or pseudocode , generating tests, getting ideas ",Strongly agree,Strongly agree,Strongly agree,Strongly agree,Strongly agree
16,24,Male,Postgraduate,At least once a month,To know the history of certain things,Disagree,Strongly agree,Neither agree nor disagree,Disagree,Strongly disagree,More than once a week,what technologies i can use for a particular task. what is the algorithms i could use for a specific problem,Disagree,Agree,Neither agree nor disagree,Strongly disagree,Strongly disagree
17,21,Male,Third year,Once per week,"explanations of terminologies, code explanation",Agree,Agree,Agree,Agree,Neither agree nor disagree,At least once a month,generation of python code for result analysis,Strongly agree,Strongly agree,Agree,Agree,Neither agree nor disagree
18,23,Male,Postgraduate,More than once a week,"Query Response, code writing, code checking, idea generation",Agree,Agree,Agree,Agree,Neither agree nor disagree,More than once a week,"Checking my own code, providing solutions to code, generating code for ideas",Agree,Strongly agree,Agree,Agree,Neither agree nor disagree
19,23,Male,Fifth Year,Almost every day,Used as part of my research project,Agree,Strongly agree,Strongly agree,Strongly agree,Strongly agree,More than once a week,As an alternative to Stack Overflow: for looking at common patterns of doing certain reusable methods or asking how to refine a piece of code or check as a copilot,Agree,Agree,Agree,Agree,Agree
