Q55,Q57,Q1,Q3,Q4,Q5,Q6,Q7,Q8,Q9,Q10,Q11,Q13,Q14,Q15,Q16,Q17,Q18,Q19,Q20,Q22,Q23,Q24,Q25,Q27,Q28,Q29,Q30,Q31,Q32,Q33,Q34,Q35,Q36,Q37,Q38,Q39,Q40,Q41,Q42,Q43,Q44,Q45,Q46,Q47,Q48,Q49,Q50,Q51,Q52,Q53,Q54,Q55,Q56,Q57,Q58
Participant ID,Task completed,The task we asked you to perform was easy,The task we asked you to perform was stressful,The task we asked you to perform was interesting,The task we asked you to perform was clear,The task we asked you to perform was familiar,I had enough time to do an effective search.,"Before beginning the conversation, I was certain about what I was going to prompt ChatGPT about.","After ChatGPTs' first response, I was certain about what I was going to prompt ChatGPT about.","During the conversation, I was certain about what I was going to prompt ChatGPT about.","At the end of the conversation, I was certain about what I was going to prompt ChatGPT about.","Before beginning the conversation, I had difficulty formulating prompts.","After ChatGPTs' first response, I had difficulty formulating prompts.","During the conversation, I had difficulty formulating prompts.","At the end of the conversation, I had difficulty formulating prompts.","Before beginning the conversation, I didn’t have a clear idea which ChatGPT responses would be relevant.","After ChatGPTs' first response, I didn’t have a clear idea which ChatGPT responses would be relevant.","During the conversation, I didn’t have a clear idea which  ChatGPT responses would be relevant.","At the end of the conversation, I didn’t have a clear idea which ChatGPT responses would be relevant.","Before beginning the conversation, I experienced sadness.","After ChatGPTs' first response, I experienced sadness.","During the conversation, I experienced sadness.","At the end of the conversation, I experienced sadness.","Before beginning the conversation, I experienced Happiness.","After ChatGPTs' first response, I experienced Happiness.","During the conversation, I experienced Happiness.","At the end of the conversation, I experienced Happiness.","Before beginning the conversation, I experienced Anger.","After ChatGPTs' first response, I experienced Anger.","During the conversation, I experienced Anger.","At the end of the conversation, I experienced Anger.","Before beginning the conversation, I experienced Surprise.","After ChatGPTs' first response, I experienced Surprise.","During the conversation, I experienced Surprise.","At the end of the conversation, I experienced Surprise.","Before beginning the conversation, I experienced Fear.","After ChatGPTs' first response, I experienced Fear.","During the conversation, I experienced Fear.","At the end of the conversation, I experienced Fear.","Before beginning the conversation, I experienced Disgust.","After ChatGPTs' first response, I experienced Disgust.","During the conversation, I experienced Disgust.","At the end of the conversation, I experienced Disgust.","Before beginning the conversation, I experienced Anxiety.","After ChatGPTs' first response, I experienced Anxiety.","During the conversation, I experienced Anxiety.","At the end of the conversation, I experienced Anxiety.","Before beginning the conversation, I experienced Satisfaction.","After ChatGPTs' first response, I experienced Satisfaction.","During the conversation, I experienced Satisfaction.","At the end of the conversation, I experienced Satisfaction.","Before beginning the conversation, I experienced Neutral.","After ChatGPTs' first response, I experienced Neutral.","During the conversation, I experienced Neutral.","At the end of the conversation, I experienced Neutral."
1,Lecture Explanation,Neither agree nor disagree,Strongly Disagree,Strongly agree,Strongly agree,Neither agree nor disagree,Agree,Strongly Disagree,Disagree,Disagree,Agree,Neither agree nor disagree,Disagree,Disagree,Disagree,Disagree,Strongly Disagree,Strongly Disagree,Strongly Disagree,Not at all,Not at all,Not at all,Not at all,A little,A little,Fairly,Fairly,Not at all,Not at all,Not at all,Not at all,A little,Fairly,Fairly,A little,Not at all,Not at all,Not at all,Not at all,Not at all,Not at all,Not at all,Not at all,Not at all,Not at all,Not at all,Not at all,A little,Fairly,Very,Fairly,Very,Very,Fairly,Very
1,Log Summarisation,Disagree,Strongly Disagree,Agree,Agree,Strongly Disagree,Agree,Agree,Neither agree nor disagree,Agree,Neither agree nor disagree,Disagree,Agree,Agree,Neither agree nor disagree,Agree,Agree,Disagree,Disagree,Not at all,Not at all,Not at all,Not at all,A little,A little,A little,A little,Not at all,Not at all,Not at all,Not at all,Not at all,Not at all,A little,Not at all,Not at all,Not at all,Not at all,Not at all,Not at all,Not at all,Not at all,Not at all,Not at all,Not at all,Not at all,Not at all,Not at all,A little,A little,A little,Very,Very,Very,Very
1,Commit Message Generation,Strongly Disagree,Neither agree nor disagree,Strongly Disagree,Agree,Disagree,Disagree,Neither agree nor disagree,Agree,Strongly agree,Strongly agree,Neither agree nor disagree,Disagree,Disagree,Disagree,Agree,Neither agree nor disagree,Disagree,Disagree,Not at all,Not at all,Not at all,Not at all,Not at all,Not at all,Not at all,A little,A little,A little,A little,Not at all,Not at all,Not at all,A little,A little,Not at all,Not at all,Not at all,Not at all,Not at all,Not at all,Not at all,Not at all,Not at all,Not at all,Not at all,Not at all,Not at all,Not at all,A little,Fairly,Fairly,Fairly,Fairly,Fairly
1,Code Review,Disagree,Neither agree nor disagree,Strongly Disagree,Agree,Disagree,Agree,Agree,Agree,Neither agree nor disagree,Disagree,Disagree,Disagree,Disagree,Agree,Neither agree nor disagree,Agree,Agree,Agree,Not at all,Not at all,Not at all,Not at all,Not at all,Not at all,Not at all,Not at all,Not at all,Fairly,Fairly,Fairly,Not at all,Not at all,Not at all,Not at all,Not at all,Not at all,Not at all,Not at all,Not at all,Not at all,Not at all,Not at all,Not at all,Not at all,Not at all,Not at all,A little,A little,Not at all,Not at all,Very,Very,Fairly,A little
2,Log Summarisation,Neither agree nor disagree,Disagree,Agree,Agree,Strongly Disagree,Strongly agree,Disagree,Agree,Agree,Agree,Disagree,Disagree,Neither agree nor disagree,Neither agree nor disagree,Agree,Disagree,Disagree,Disagree,Not at all,Not at all,Not at all,Not at all,Not at all,A little,A little,A little,Not at all,Not at all,Not at all,Not at all,Not at all,A little,Fairly,A little,Not at all,Not at all,Not at all,Not at all,Not at all,Not at all,Not at all,Not at all,Not at all,Not at all,Not at all,Not at all,Not at all,A little,Fairly,Fairly,Fairly,A little,A little,A little
2,Commit Message Generation,Agree,Neither agree nor disagree,Agree,Strongly agree,Agree,Strongly agree,Agree,Disagree,Neither agree nor disagree,Disagree,Disagree,Agree,Agree,Neither agree nor disagree,Disagree,Disagree,Disagree,Disagree,Not at all,Not at all,Not at all,Not at all,Not at all,Not at all,Not at all,Not at all,Not at all,A little,Fairly,A little,Not at all,A little,A little,A little,Not at all,Not at all,Not at all,Not at all,Not at all,Not at all,Not at all,Not at all,Not at all,A little,A little,A little,Not at all,A little,Not at all,Not at all,Fairly,A little,A little,A little
2,Code Review,Disagree,Agree,Agree,Strongly agree,Agree,Disagree,Agree,Disagree,Agree,Neither agree nor disagree,Disagree,Agree,Disagree,Disagree,Agree,Agree,Neither agree nor disagree,Neither agree nor disagree,Not at all,A little,Not at all,Not at all,Not at all,Not at all,Not at all,Not at all,Not at all,A little,A little,Not at all,Not at all,A little,A little,A little,Not at all,Not at all,Not at all,Not at all,Not at all,Not at all,Not at all,Not at all,Not at all,Not at all,A little,A little,Not at all,Not at all,A little,A little,Fairly,A little,Fairly,Fairly
2,Lecture Explanation,Agree,Strongly Disagree,Strongly agree,Agree,Agree,Agree,Strongly agree,Agree,Agree,Agree,Strongly Disagree,Disagree,Strongly Disagree,Strongly Disagree,Strongly Disagree,Strongly Disagree,Strongly Disagree,Strongly Disagree,Not at all,Not at all,Not at all,Not at all,Fairly,Fairly,Fairly,Fairly,Not at all,Not at all,Not at all,Not at all,Not at all,A little,Fairly,A little,Not at all,Not at all,Not at all,Not at all,Not at all,Not at all,Not at all,Not at all,Not at all,Not at all,Not at all,Not at all,Not at all,A little,A little,A little,Fairly,A little,A little,A little
3,Commit Message Generation,Neither agree nor disagree,Disagree,Agree,Neither agree nor disagree,Disagree,Strongly agree,Disagree,Disagree,Neither agree nor disagree,Neither agree nor disagree,Strongly agree,Agree,Agree,Disagree,Agree,Agree,Neither agree nor disagree,Disagree,Not at all,A little,Not at all,Not at all,Not at all,Not at all,A little,Fairly,Not at all,Not at all,Not at all,Not at all,Not at all,A little,A little,Fairly,Not at all,Not at all,Not at all,Not at all,Not at all,Not at all,Not at all,Not at all,Not at all,Not at all,Not at all,Not at all,Not at all,Not at all,A little,Fairly,Very,Very,Fairly,Fairly
3,Code Review,Disagree,Disagree,Agree,Agree,Disagree,Disagree,Disagree,Disagree,Neither agree nor disagree,Neither agree nor disagree,Neither agree nor disagree,Disagree,Agree,Agree,Agree,Agree,Agree,Agree,Not at all,Not at all,Not at all,Not at all,Not at all,A little,A little,A little,Not at all,Not at all,Not at all,Not at all,Not at all,A little,Fairly,Fairly,Not at all,Not at all,Not at all,Not at all,Not at all,Not at all,Not at all,Not at all,Not at all,Not at all,Not at all,Not at all,Not at all,A little,A little,A little,Fairly,Fairly,Fairly,A little
3,Lecture Explanation,Neither agree nor disagree,Disagree,Agree,Agree,Agree,Neither agree nor disagree,Agree,Agree,Neither agree nor disagree,Neither agree nor disagree,Disagree,Disagree,Disagree,Disagree,Disagree,Disagree,Disagree,Disagree,Not at all,Not at all,Not at all,Not at all,Not at all,A little,A little,A little,Not at all,Not at all,Not at all,Not at all,Not at all,Not at all,A little,A little,Not at all,Not at all,Not at all,Not at all,Not at all,Not at all,Not at all,Not at all,Not at all,Not at all,Not at all,Not at all,Not at all,A little,A little,A little,Fairly,A little,A little,A little
3,Log Summarisation,Disagree,Disagree,Agree,Agree,Neither agree nor disagree,Strongly agree,Disagree,Disagree,Disagree,Disagree,Agree,Agree,Agree,Agree,Agree,Agree,Agree,Agree,Not at all,Not at all,Not at all,Not at all,Not at all,A little,A little,A little,Not at all,Not at all,A little,A little,Not at all,A little,Not at all,Not at all,Not at all,Not at all,Not at all,Not at all,Not at all,Not at all,Not at all,Not at all,Not at all,Not at all,Not at all,Not at all,Not at all,Not at all,A little,Not at all,Fairly,Fairly,Fairly,A little
4,Code Review,Disagree,Agree,Agree,Disagree,Agree,Strongly Disagree,Strongly agree,Agree,Agree,Agree,Agree,Disagree,Disagree,Disagree,Disagree,Disagree,Neither agree nor disagree,Disagree,Not at all,Not at all,Not at all,Not at all,A little,A little,Fairly,A little,Not at all,Not at all,Not at all,Not at all,Not at all,Not at all,Not at all,Not at all,A little,Not at all,A little,Fairly,Not at all,Not at all,Not at all,Not at all,A little,A little,Not at all,A little,Not at all,A little,A little,Not at all,A little,Not at all,Not at all,Not at all
4,Lecture Explanation,Agree,Disagree,Agree,Neither agree nor disagree,Agree,Neither agree nor disagree,Strongly Disagree,Disagree,Agree,Agree,Agree,Neither agree nor disagree,Disagree,Disagree,Strongly agree,Strongly agree,Neither agree nor disagree,Neither agree nor disagree,Not at all,Not at all,Not at all,Not at all,Not at all,A little,A little,A little,Not at all,Not at all,Not at all,Not at all,Not at all,Not at all,Fairly,Fairly,Not at all,Not at all,Not at all,Not at all,Not at all,Not at all,Not at all,Not at all,Not at all,A little,Not at all,Not at all,Not at all,Not at all,Fairly,Fairly,Not at all,Not at all,Not at all,Not at all
4,Log Summarisation,Disagree,Agree,Strongly agree,Disagree,Disagree,Neither agree nor disagree,Agree,Agree,Agree,Agree,Strongly Disagree,Disagree,Disagree,Disagree,Agree,Disagree,Disagree,Disagree,Not at all,Not at all,Not at all,Not at all,Not at all,A little,A little,Fairly,Not at all,Not at all,Not at all,Not at all,Not at all,A little,A little,A little,Fairly,Not at all,Not at all,Not at all,Not at all,Not at all,Not at all,Not at all,Fairly,Not at all,Not at all,Not at all,Not at all,Fairly,Fairly,Fairly,Not at all,Not at all,Not at all,Not at all
4,Commit Message Generation,Neither agree nor disagree,Disagree,Agree,Neither agree nor disagree,Agree,Agree,Agree,Agree,Neither agree nor disagree,Agree,Strongly Disagree,Disagree,Agree,Disagree,Agree,Disagree,Disagree,Disagree,Not at all,Not at all,Not at all,Not at all,Not at all,Not at all,Fairly,Fairly,Not at all,Not at all,Not at all,Not at all,Not at all,Not at all,A little,Not at all,Not at all,Not at all,Not at all,Not at all,Not at all,Not at all,Not at all,Not at all,Not at all,Not at all,Not at all,Not at all,Not at all,A little,Very,Fairly,Fairly,A little,Not at all,Not at all
5,Lecture Explanation,Strongly agree,Neither agree nor disagree,Strongly agree,Agree,Agree,Agree,Agree,Neither agree nor disagree,Neither agree nor disagree,Agree,Agree,Disagree,Disagree,Disagree,Neither agree nor disagree,Strongly Disagree,Disagree,Strongly Disagree,Not at all,Not at all,Not at all,Not at all,A little,Fairly,Fairly,Fairly,Not at all,Not at all,Not at all,Not at all,Not at all,A little,Fairly,A little,A little,A little,Not at all,Not at all,Not at all,Not at all,Not at all,Not at all,Fairly,Very,Fairly,A little,Not at all,A little,Fairly,Very,Very,Fairly,Not at all,Not at all
5,Log Summarisation,Disagree,Agree,Strongly agree,Neither agree nor disagree,Disagree,Disagree,Strongly Disagree,Disagree,Agree,Agree,Strongly agree,Agree,Agree,Agree,Strongly agree,Agree,Disagree,Disagree,Not at all,Not at all,Fairly,Fairly,A little,Not at all,Not at all,Fairly,Not at all,A little,Not at all,A little,Fairly,Very,A little,Not at all,A little,A little,A little,A little,Not at all,Not at all,Not at all,Not at all,Fairly,Very,Fairly,A little,Not at all,Not at all,Fairly,Fairly,A little,Not at all,Not at all,Fairly
5,Commit Message Generation,Agree,Strongly Disagree,Strongly agree,Agree,Agree,Strongly agree,Neither agree nor disagree,Strongly agree,Agree,Agree,Neither agree nor disagree,Disagree,Strongly Disagree,Strongly Disagree,Neither agree nor disagree,Disagree,Strongly Disagree,Strongly Disagree,Not at all,Not at all,Not at all,Not at all,A little,Very,Very,Very,Not at all,Not at all,Not at all,Not at all,Fairly,Very,A little,Fairly,A little,Not at all,Not at all,Not at all,Not at all,Not at all,Not at all,Not at all,A little,Not at all,Not at all,Not at all,Not at all,Very,Very,Very,Very,Not at all,Not at all,Not at all
5,Code Review,Agree,Neither agree nor disagree,Strongly agree,Agree,Agree,Agree,Strongly agree,Strongly agree,Neither agree nor disagree,Agree,Strongly Disagree,Strongly Disagree,Neither agree nor disagree,Strongly Disagree,Disagree,Agree,Strongly Disagree,Strongly Disagree,Not at all,A little,A little,Not at all,Fairly,Not at all,Very,Very,Not at all,A little,Not at all,Not at all,Not at all,Very,Not at all,Not at all,Not at all,Not at all,Not at all,Not at all,Not at all,A little,Not at all,Not at all,Not at all,Not at all,Not at all,Not at all,A little,A little,Very,Very,Fairly,Not at all,Not at all,Not at all
6,Log Summarisation,Neither agree nor disagree,Agree,Neither agree nor disagree,Strongly agree,Disagree,Neither agree nor disagree,Agree,Neither agree nor disagree,Agree,Neither agree nor disagree,Disagree,Neither agree nor disagree,Disagree,Neither agree nor disagree,Neither agree nor disagree,Neither agree nor disagree,Neither agree nor disagree,Neither agree nor disagree,Not at all,Not at all,Not at all,Not at all,Not at all,A little,A little,Not at all,Not at all,Not at all,Not at all,Not at all,Not at all,Not at all,Not at all,Not at all,Not at all,Not at all,Not at all,Not at all,Not at all,Not at all,Not at all,Not at all,A little,Not at all,Not at all,A little,Not at all,Fairly,Fairly,A little,Very,Fairly,Fairly,A little
6,Commit Message Generation,Agree,Disagree,Agree,Strongly agree,Strongly agree,Strongly agree,Agree,Agree,Agree,Agree,Disagree,Disagree,Disagree,Disagree,Strongly Disagree,Disagree,Disagree,Disagree,Not at all,Not at all,Not at all,Not at all,Not at all,A little,A little,A little,Not at all,Not at all,Not at all,Not at all,Not at all,Not at all,Not at all,Not at all,Not at all,Not at all,Not at all,Not at all,Not at all,Not at all,Not at all,Not at all,A little,Not at all,Not at all,Not at all,Not at all,A little,A little,A little,Fairly,Fairly,Fairly,Fairly
6,Code Review,Agree,Agree,Strongly agree,Strongly agree,Strongly agree,Disagree,Strongly agree,Strongly agree,Strongly agree,Strongly agree,Strongly Disagree,Strongly Disagree,Strongly Disagree,Strongly Disagree,Neither agree nor disagree,Neither agree nor disagree,Neither agree nor disagree,Agree,Not at all,Not at all,Not at all,Not at all,Not at all,A little,A little,A little,Not at all,Not at all,Not at all,Very,Not at all,Not at all,Not at all,Very,Not at all,Not at all,Not at all,A little,Not at all,Not at all,Not at all,Not at all,A little,Not at all,Not at all,A little,Not at all,Fairly,Fairly,A little,Very,Fairly,Fairly,A little
6,Lecture Explanation,Agree,Disagree,Agree,Strongly agree,Strongly agree,Neither agree nor disagree,Strongly agree,Agree,Neither agree nor disagree,Disagree,Strongly Disagree,Disagree,Disagree,Agree,Neither agree nor disagree,Neither agree nor disagree,Agree,Agree,Not at all,Not at all,Not at all,Not at all,Not at all,A little,Not at all,Not at all,Not at all,Not at all,Not at all,Not at all,Not at all,Not at all,A little,A little,Not at all,Not at all,Not at all,Not at all,Not at all,Not at all,Not at all,Not at all,Not at all,Not at all,A little,A little,A little,Fairly,A little,A little,Very,A little,Fairly,Fairly
7,Commit Message Generation,Neither agree nor disagree,Agree,Agree,Agree,Agree,Disagree,Agree,Agree,Neither agree nor disagree,Neither agree nor disagree,Disagree,Disagree,Neither agree nor disagree,Neither agree nor disagree,Disagree,Disagree,Disagree,Neither agree nor disagree,Not at all,Not at all,Not at all,Not at all,Not at all,A little,A little,A little,Not at all,Not at all,Not at all,Not at all,A little,Not at all,A little,A little,A little,Not at all,Not at all,Not at all,Not at all,Not at all,Not at all,Not at all,Not at all,A little,A little,Not at all,Not at all,Not at all,A little,Fairly,Fairly,Fairly,Fairly,Fairly
7,Code Review,Agree,Disagree,Agree,Agree,Agree,Disagree,Neither agree nor disagree,Agree,Agree,Agree,Disagree,Disagree,Disagree,Disagree,Disagree,Disagree,Disagree,Disagree,Not at all,Not at all,Not at all,Not at all,Not at all,A little,A little,A little,Not at all,Not at all,Not at all,Not at all,Not at all,Not at all,Not at all,Not at all,Not at all,Not at all,Not at all,Not at all,Not at all,Not at all,Not at all,Not at all,A little,Not at all,Not at all,Not at all,Not at all,A little,Fairly,Fairly,Fairly,A little,A little,A little
7,Lecture Explanation,Agree,Disagree,Strongly agree,Agree,Agree,Agree,Neither agree nor disagree,Agree,Agree,Agree,Disagree,Disagree,Disagree,Disagree,Disagree,Strongly Disagree,Strongly Disagree,Disagree,Not at all,Not at all,Not at all,Not at all,Not at all,A little,Fairly,Fairly,Not at all,Not at all,Not at all,Not at all,Not at all,A little,Not at all,Not at all,Not at all,Not at all,Not at all,Not at all,Not at all,Not at all,Not at all,Not at all,Not at all,Not at all,Not at all,Not at all,Not at all,A little,Fairly,Fairly,Fairly,Not at all,Not at all,Not at all
7,Log Summarisation,Disagree,Agree,Strongly agree,Agree,Disagree,Neither agree nor disagree,Agree,Disagree,Disagree,Disagree,Disagree,Agree,Agree,Agree,Disagree,Agree,Agree,Agree,Not at all,Not at all,A little,A little,Not at all,Not at all,Not at all,Not at all,Not at all,Not at all,Not at all,Not at all,Not at all,A little,Not at all,Not at all,Not at all,Not at all,Not at all,Not at all,Not at all,Not at all,Not at all,Not at all,Not at all,A little,A little,A little,Not at all,Not at all,Not at all,Not at all,Fairly,Not at all,Not at all,Not at all
8,Commit Message Generation,Agree,Disagree,Agree,Agree,Neither agree nor disagree,Strongly agree,Agree,Strongly agree,Agree,Neither agree nor disagree,Disagree,Disagree,Disagree,Disagree,Disagree,Strongly Disagree,Disagree,Disagree,Not at all,Not at all,Not at all,Not at all,Not at all,A little,A little,Fairly,Not at all,Not at all,Not at all,Not at all,Not at all,Not at all,Not at all,Not at all,Not at all,Not at all,Not at all,Not at all,Not at all,Not at all,Not at all,Not at all,Not at all,Not at all,Not at all,Not at all,Not at all,Fairly,Fairly,Very,Fairly,Fairly,Fairly,A little
8,Code Review,Neither agree nor disagree,Disagree,Agree,Agree,Neither agree nor disagree,Disagree,Agree,Agree,Agree,Neither agree nor disagree,Disagree,Disagree,Disagree,Disagree,Neither agree nor disagree,Disagree,Disagree,Disagree,Not at all,A little,A little,A little,Not at all,Not at all,Not at all,Not at all,Not at all,Not at all,Not at all,Not at all,Not at all,A little,A little,A little,Not at all,Not at all,Not at all,Not at all,Not at all,Not at all,Not at all,Not at all,Not at all,Not at all,Not at all,Not at all,Not at all,Not at all,Not at all,Not at all,Fairly,A little,A little,Fairly
8,Lecture Explanation,Neither agree nor disagree,Disagree,Strongly agree,Neither agree nor disagree,Strongly agree,Strongly agree,Disagree,Disagree,Disagree,Disagree,Disagree,Disagree,Disagree,Neither agree nor disagree,Strongly agree,Neither agree nor disagree,Disagree,Strongly Disagree,Not at all,Not at all,Not at all,Not at all,Not at all,A little,Fairly,Fairly,Not at all,Not at all,Not at all,Not at all,Not at all,Not at all,A little,A little,Not at all,Not at all,Not at all,Not at all,Not at all,Not at all,Not at all,Not at all,Not at all,Not at all,Not at all,Not at all,Not at all,A little,Fairly,Fairly,Fairly,A little,Not at all,Not at all
8,Log Summarisation,Agree,Disagree,Strongly agree,Agree,Strongly Disagree,Strongly agree,Agree,Agree,Agree,Agree,Strongly Disagree,Strongly Disagree,Strongly Disagree,Strongly Disagree,Disagree,Agree,Agree,Agree,Not at all,Not at all,Not at all,Not at all,Not at all,A little,A little,Fairly,Not at all,Not at all,Not at all,Not at all,Not at all,Not at all,Not at all,Not at all,Not at all,Not at all,Not at all,Not at all,Not at all,Not at all,Not at all,Not at all,Not at all,Not at all,Not at all,Not at all,Not at all,Fairly,Fairly,Fairly,Fairly,A little,A little,A little
9,Lecture Explanation,Agree,Agree,Strongly agree,Strongly agree,Strongly agree,Strongly agree,Strongly agree,Agree,Neither agree nor disagree,Agree,Disagree,Agree,Neither agree nor disagree,Disagree,Disagree,Disagree,Disagree,Disagree,Not at all,Not at all,Not at all,Not at all,Very,Very,Very,Very,Not at all,Not at all,Not at all,Not at all,Not at all,Not at all,Not at all,Not at all,Not at all,Not at all,Not at all,Not at all,Not at all,Not at all,Not at all,Not at all,Not at all,A little,A little,A little,Fairly,A little,Very,Very,Not at all,Fairly,Not at all,Not at all
9,Log Summarisation,Neither agree nor disagree,Agree,Strongly agree,Neither agree nor disagree,Disagree,Strongly agree,Neither agree nor disagree,Agree,Agree,Agree,Agree,Disagree,Disagree,Disagree,Agree,Agree,Neither agree nor disagree,Neither agree nor disagree,Not at all,Not at all,Not at all,Not at all,Not at all,Not at all,A little,A little,Not at all,Not at all,Not at all,Not at all,A little,A little,A little,A little,Not at all,Not at all,Not at all,Not at all,Not at all,Not at all,Not at all,Not at all,Very,Fairly,Fairly,A little,Not at all,Not at all,A little,A little,Not at all,Not at all,A little,A little
9,Commit Message Generation,Agree,Disagree,Strongly agree,Strongly agree,Disagree,Strongly agree,Strongly agree,Agree,Agree,Agree,Strongly Disagree,Disagree,Disagree,Disagree,Strongly agree,Agree,Agree,Agree,Not at all,Not at all,Not at all,Not at all,A little,A little,A little,A little,Not at all,Not at all,Not at all,Not at all,Not at all,Not at all,Not at all,Not at all,Not at all,Not at all,Not at all,Not at all,Not at all,Not at all,Not at all,Not at all,A little,Not at all,Not at all,Not at all,Not at all,A little,Very,Very,Not at all,Not at all,Not at all,Not at all
9,Code Review,Disagree,Agree,Agree,Agree,Disagree,Disagree,Disagree,Agree,Agree,Disagree,Neither agree nor disagree,Agree,Agree,Agree,Agree,Agree,Neither agree nor disagree,Neither agree nor disagree,Not at all,Not at all,Not at all,Not at all,Not at all,Not at all,Not at all,Not at all,Not at all,Not at all,Not at all,Not at all,Not at all,Not at all,Not at all,Not at all,Not at all,Not at all,Not at all,Not at all,Not at all,Not at all,Not at all,Not at all,A little,A little,A little,A little,Not at all,Not at all,Fairly,Fairly,Not at all,Not at all,Not at all,Not at all
10,Log Summarisation,Agree,Neither agree nor disagree,Agree,Agree,Neither agree nor disagree,Agree,Disagree,Agree,Agree,Agree,Neither agree nor disagree,Agree,Disagree,Disagree,Disagree,Disagree,Disagree,Disagree,Not at all,Not at all,Not at all,Not at all,Very,Fairly,Very,Very,Not at all,A little,Not at all,Not at all,Not at all,A little,Fairly,Very,A little,Not at all,Not at all,Not at all,Not at all,Not at all,Not at all,Not at all,Not at all,Not at all,Not at all,Not at all,Not at all,A little,Fairly,Very,Very,Not at all,Not at all,Not at all
10,Commit Message Generation,Agree,Disagree,Agree,Agree,Neither agree nor disagree,Agree,Agree,Agree,Agree,Agree,Disagree,Disagree,Disagree,Disagree,Disagree,Disagree,Disagree,Disagree,Not at all,Not at all,Not at all,Not at all,Not at all,Fairly,Fairly,Fairly,Not at all,Not at all,Not at all,Not at all,Not at all,Very,Very,Very,Not at all,Not at all,Not at all,Not at all,Not at all,Not at all,Not at all,Not at all,Not at all,Not at all,Not at all,Not at all,Not at all,Fairly,Fairly,Fairly,Very,A little,A little,A little
10,Code Review,Disagree,Agree,Agree,Agree,Disagree,Disagree,Disagree,Disagree,Disagree,Disagree,Agree,Agree,Agree,Agree,Agree,Agree,Agree,Agree,Not at all,Not at all,Not at all,Not at all,Not at all,Not at all,Not at all,Not at all,Not at all,Not at all,Not at all,Not at all,Not at all,Fairly,Fairly,Not at all,Not at all,Fairly,Fairly,Very,Not at all,Not at all,Not at all,Not at all,Not at all,Not at all,Not at all,Not at all,Not at all,A little,A little,A little,Not at all,Very,A little,Not at all
10,Lecture Explanation,Agree,Disagree,Agree,Agree,Agree,Agree,Agree,Agree,Agree,Agree,Disagree,Disagree,Disagree,Disagree,Disagree,Disagree,Disagree,Disagree,Not at all,Not at all,Not at all,Not at all,Not at all,Fairly,Fairly,Fairly,Not at all,Not at all,Not at all,Not at all,Not at all,Fairly,Fairly,Fairly,Not at all,Not at all,Not at all,Not at all,Not at all,Not at all,Not at all,Not at all,Not at all,Not at all,Not at all,Not at all,Not at all,A little,Fairly,Very,Not at all,A little,Not at all,Not at all
11,Commit Message Generation,Strongly agree,Disagree,Agree,Agree,Neither agree nor disagree,Agree,Agree,Agree,Agree,Agree,Disagree,Disagree,Disagree,Disagree,Neither agree nor disagree,Disagree,Disagree,Disagree,Not at all,Not at all,Not at all,Not at all,A little,A little,Fairly,Very,Not at all,Not at all,Not at all,Not at all,Not at all,A little,Not at all,Fairly,Not at all,Not at all,Not at all,Not at all,Not at all,Not at all,Not at all,Not at all,Not at all,Not at all,Not at all,Not at all,Not at all,A little,A little,Fairly,Fairly,A little,A little,Not at all
11,Code Review,Agree,Neither agree nor disagree,Agree,Agree,Neither agree nor disagree,Disagree,Agree,Agree,Neither agree nor disagree,Agree,Disagree,Disagree,Neither agree nor disagree,Disagree,Neither agree nor disagree,Disagree,Disagree,Disagree,Not at all,Not at all,Not at all,Not at all,A little,A little,A little,Fairly,Not at all,Not at all,Not at all,Not at all,Not at all,Not at all,A little,A little,Not at all,Not at all,Not at all,Not at all,Not at all,Not at all,Not at all,Not at all,Not at all,Not at all,Not at all,Not at all,Not at all,A little,A little,A little,A little,Not at all,Not at all,Not at all
11,Log Summarisation,Agree,Disagree,Agree,Agree,Neither agree nor disagree,Agree,Agree,Agree,Agree,Agree,Disagree,Disagree,Disagree,Disagree,Neither agree nor disagree,Disagree,Disagree,Disagree,Not at all,Not at all,Not at all,Not at all,Not at all,A little,A little,Fairly,Not at all,Not at all,Not at all,Not at all,Not at all,Not at all,A little,A little,Not at all,Not at all,Not at all,Not at all,Not at all,Not at all,Not at all,Not at all,Not at all,Not at all,Not at all,Not at all,Not at all,Not at all,A little,A little,A little,A little,Not at all,Not at all
11,Lecture Explanation,Agree,Disagree,Agree,Agree,Agree,Agree,Agree,Agree,Agree,Agree,Strongly Disagree,Strongly Disagree,Strongly Disagree,Strongly Disagree,Neither agree nor disagree,Disagree,Strongly Disagree,Strongly Disagree,Not at all,Not at all,Not at all,Not at all,Not at all,A little,A little,Fairly,Not at all,Not at all,Not at all,Not at all,Not at all,A little,A little,Fairly,Not at all,Not at all,Not at all,Not at all,Not at all,Not at all,Not at all,Not at all,Not at all,Not at all,Not at all,Not at all,Not at all,A little,A little,Fairly,A little,Not at all,Not at all,Not at all
12,Code Review,Strongly agree,Strongly Disagree,Agree,Strongly agree,Agree,Strongly agree,Strongly agree,Strongly agree,Strongly agree,Strongly agree,Strongly Disagree,Strongly Disagree,Strongly Disagree,Strongly Disagree,Strongly Disagree,Strongly Disagree,Strongly Disagree,Strongly Disagree,Not at all,Not at all,Not at all,Not at all,Not at all,Not at all,Not at all,Not at all,Not at all,Not at all,Not at all,Not at all,Not at all,Not at all,Not at all,Not at all,Not at all,Not at all,Not at all,Not at all,Not at all,Not at all,Not at all,Not at all,Not at all,Not at all,Not at all,Not at all,Not at all,Not at all,Not at all,A little,Very,Very,Very,Very
12,Lecture Explanation,Neither agree nor disagree,Strongly Disagree,Strongly agree,Strongly agree,Agree,Strongly agree,Strongly agree,Agree,Strongly agree,Agree,Strongly Disagree,Strongly Disagree,Disagree,Strongly Disagree,Agree,Agree,Neither agree nor disagree,Strongly Disagree,Not at all,Not at all,Not at all,Not at all,Not at all,Not at all,Not at all,Not at all,Not at all,Not at all,Not at all,Not at all,Not at all,Not at all,Not at all,Not at all,Not at all,Not at all,Not at all,Not at all,Not at all,Not at all,Not at all,Not at all,Not at all,Not at all,Not at all,Not at all,Not at all,Not at all,A little,Fairly,Very,Very,Very,Very
12,Log Summarisation,Neither agree nor disagree,Strongly Disagree,Strongly agree,Agree,Neither agree nor disagree,Strongly agree,Disagree,Disagree,Neither agree nor disagree,Neither agree nor disagree,Strongly Disagree,Neither agree nor disagree,Agree,Strongly Disagree,Agree,Agree,Neither agree nor disagree,Disagree,Not at all,Not at all,Not at all,Not at all,Not at all,Not at all,Not at all,Not at all,Not at all,Not at all,Not at all,Not at all,Not at all,Not at all,Not at all,Not at all,Not at all,Not at all,Not at all,Not at all,Not at all,Not at all,Not at all,Not at all,Not at all,Not at all,Not at all,Not at all,Not at all,Not at all,Not at all,Not at all,Very,Very,Very,Very
12,Commit Message Generation,Strongly agree,Strongly Disagree,Neither agree nor disagree,Strongly agree,Neither agree nor disagree,Strongly agree,Strongly agree,Strongly agree,Disagree,Strongly agree,Strongly Disagree,Strongly Disagree,Neither agree nor disagree,Strongly Disagree,Agree,Neither agree nor disagree,Neither agree nor disagree,Strongly Disagree,Not at all,Not at all,Not at all,Not at all,Not at all,Not at all,Not at all,Not at all,Not at all,Not at all,Not at all,Not at all,Not at all,Not at all,Not at all,Not at all,Not at all,Not at all,Not at all,Not at all,Not at all,Not at all,Not at all,Not at all,Not at all,Not at all,Not at all,Not at all,Not at all,Not at all,Not at all,A little,Very,Very,Very,Very
13,Lecture Explanation,Agree,Agree,Neither agree nor disagree,Agree,Disagree,Agree,Agree,Agree,Agree,Neither agree nor disagree,Strongly Disagree,Disagree,Agree,Agree,Agree,Disagree,Disagree,Disagree,Not at all,Not at all,Not at all,Not at all,Fairly,Fairly,Fairly,A little,A little,A little,A little,Not at all,Not at all,Not at all,Not at all,Not at all,Not at all,Not at all,Not at all,Not at all,Not at all,A little,A little,Not at all,A little,Not at all,Not at all,Not at all,Not at all,Fairly,Fairly,A little,A little,A little,A little,A little
13,Commit Message Generation,Disagree,Neither agree nor disagree,Agree,Neither agree nor disagree,Disagree,Agree,Agree,Agree,Disagree,Agree,Disagree,Agree,Agree,Neither agree nor disagree,Agree,Neither agree nor disagree,Disagree,Disagree,Not at all,A little,Not at all,A little,A little,Fairly,A little,A little,Not at all,Not at all,Not at all,Not at all,Not at all,A little,Fairly,Fairly,A little,Not at all,Not at all,Not at all,Not at all,Not at all,Not at all,Not at all,A little,A little,A little,A little,Not at all,Fairly,A little,Very,Not at all,Not at all,Not at all,Not at all
13,Log Summarisation,Disagree,Agree,Strongly agree,Agree,Agree,Agree,Agree,Disagree,Disagree,Disagree,Disagree,Agree,Agree,Agree,Neither agree nor disagree,Disagree,Disagree,Disagree,Not at all,Not at all,A little,A little,Not at all,A little,Not at all,Not at all,Not at all,Not at all,Not at all,Not at all,Not at all,A little,Not at all,Not at all,Not at all,Not at all,A little,A little,Not at all,Not at all,Not at all,Not at all,Not at all,Not at all,A little,Not at all,Not at all,A little,Not at all,Not at all,Not at all,A little,A little,Not at all
13,Code Review,Disagree,Neither agree nor disagree,Agree,Disagree,Disagree,Disagree,Disagree,Disagree,Disagree,Neither agree nor disagree,Disagree,Agree,Agree,Agree,Agree,Agree,Agree,Agree,Not at all,A little,Not at all,Not at all,A little,A little,A little,A little,Not at all,Not at all,A little,A little,A little,A little,Not at all,A little,Not at all,A little,A little,A little,Not at all,Not at all,Not at all,Not at all,A little,A little,A little,Fairly,Not at all,A little,A little,Not at all,Not at all,A little,A little,Not at all
14,Log Summarisation,Agree,Disagree,Agree,Agree,Neither agree nor disagree,Neither agree nor disagree,Agree,Agree,Agree,Agree,Strongly Disagree,Disagree,Disagree,Strongly Disagree,Disagree,Disagree,Disagree,Disagree,Not at all,Not at all,Not at all,Not at all,A little,A little,Not at all,A little,Not at all,Not at all,Not at all,Not at all,Not at all,Not at all,Not at all,Not at all,Not at all,Not at all,Not at all,Not at all,Not at all,Not at all,Not at all,Not at all,Not at all,Not at all,A little,Not at all,Not at all,A little,A little,A little,Fairly,Fairly,Fairly,Fairly
14,Commit Message Generation,Agree,Disagree,Agree,Strongly agree,Strongly agree,Strongly agree,Strongly agree,Strongly agree,Strongly agree,Strongly agree,Strongly Disagree,Strongly Disagree,Strongly Disagree,Strongly Disagree,Disagree,Neither agree nor disagree,Agree,Disagree,Not at all,Not at all,Not at all,Not at all,A little,A little,A little,A little,Not at all,Not at all,Not at all,Not at all,Not at all,Not at all,Not at all,A little,Not at all,Not at all,Not at all,Not at all,Not at all,Not at all,Not at all,Not at all,Not at all,Not at all,Not at all,Not at all,Not at all,A little,Not at all,A little,A little,A little,A little,A little
14,Code Review,Neither agree nor disagree,Disagree,Neither agree nor disagree,Strongly agree,Agree,Disagree,Agree,Agree,Disagree,Disagree,Disagree,Disagree,Agree,Neither agree nor disagree,Agree,Agree,Agree,Agree,Not at all,Not at all,Not at all,Not at all,A little,Not at all,Not at all,Not at all,Not at all,Not at all,A little,Not at all,Not at all,Not at all,Not at all,Not at all,Not at all,Not at all,Not at all,Not at all,Not at all,Not at all,Not at all,Not at all,Not at all,Not at all,Not at all,Not at all,Not at all,Not at all,Not at all,Not at all,Fairly,Fairly,Fairly,Fairly
14,Lecture Explanation,Strongly agree,Strongly Disagree,Strongly agree,Strongly agree,Strongly agree,Agree,Agree,Disagree,Disagree,Disagree,Strongly Disagree,Disagree,Neither agree nor disagree,Neither agree nor disagree,Disagree,Disagree,Disagree,Disagree,Not at all,Not at all,Not at all,Not at all,Fairly,Fairly,Fairly,Fairly,Not at all,Not at all,Not at all,Not at all,Not at all,Not at all,A little,Fairly,Not at all,Not at all,Not at all,Not at all,Not at all,Not at all,Not at all,Not at all,Not at all,Not at all,Not at all,Not at all,Not at all,A little,A little,Fairly,A little,Not at all,Not at all,Not at all
15,Commit Message Generation,Agree,Disagree,Agree,Agree,Neither agree nor disagree,Agree,Strongly agree,Strongly agree,Strongly agree,Strongly agree,Disagree,Disagree,Disagree,Disagree,Disagree,Disagree,Disagree,Disagree,Not at all,Not at all,Not at all,Not at all,Not at all,Fairly,A little,Very,Not at all,Not at all,Not at all,Not at all,Very,A little,A little,A little,A little,Not at all,Not at all,Not at all,Not at all,Not at all,Not at all,Not at all,A little,Not at all,Not at all,Not at all,Not at all,Fairly,Fairly,Very,A little,A little,A little,A little
15,Code Review,Strongly Disagree,Agree,Strongly agree,Agree,Disagree,Agree,Agree,Agree,Agree,Disagree,Disagree,Disagree,Agree,Agree,Disagree,Disagree,Agree,Agree,Not at all,Not at all,Not at all,Not at all,Not at all,Not at all,Not at all,Not at all,Not at all,Not at all,Not at all,Not at all,Not at all,Not at all,Not at all,A little,Not at all,Not at all,Not at all,Not at all,Not at all,Not at all,Not at all,Not at all,Not at all,Not at all,Not at all,Not at all,Not at all,A little,Fairly,Fairly,Fairly,Fairly,Fairly,Fairly
15,Log Summarisation,Strongly Disagree,Agree,Strongly agree,Strongly agree,Strongly Disagree,Strongly agree,Disagree,Disagree,Agree,Neither agree nor disagree,Strongly Disagree,Neither agree nor disagree,Agree,Agree,Agree,Disagree,Agree,Agree,Not at all,Not at all,A little,A little,Not at all,Not at all,Not at all,Not at all,Not at all,A little,A little,A little,Fairly,Fairly,Fairly,A little,Very,Fairly,Fairly,Fairly,Not at all,Not at all,Not at all,Not at all,Fairly,Very,Very,Very,Not at all,Not at all,Not at all,Not at all,Not at all,Not at all,A little,A little
15,Lecture Explanation,Strongly agree,Agree,Strongly agree,Strongly agree,Strongly agree,Strongly agree,Strongly agree,Strongly agree,Strongly agree,Strongly agree,Strongly Disagree,Strongly Disagree,Strongly Disagree,Strongly Disagree,Agree,Agree,Agree,Agree,Fairly,A little,A little,A little,Not at all,A little,Fairly,Very,A little,A little,Not at all,Not at all,Not at all,Not at all,Not at all,Not at all,Fairly,Fairly,Fairly,Fairly,Not at all,Not at all,Not at all,Not at all,Fairly,Fairly,Fairly,Fairly,Not at all,A little,Fairly,Fairly,Fairly,Fairly,Fairly,Fairly
16,Code Review,Agree,Strongly Disagree,Strongly agree,Strongly agree,Agree,Neither agree nor disagree,Strongly agree,Strongly agree,Strongly agree,Disagree,Strongly Disagree,Strongly Disagree,Strongly agree,Strongly agree,Strongly Disagree,Strongly Disagree,Agree,Agree,Not at all,Not at all,A little,Fairly,Very,Very,Fairly,Not at all,Not at all,Not at all,Not at all,Not at all,Fairly,Fairly,A little,Not at all,Not at all,Not at all,A little,Fairly,Not at all,Not at all,Not at all,Not at all,Not at all,Not at all,Not at all,A little,A little,Very,Fairly,Not at all,Not at all,Not at all,A little,A little
16,Lecture Explanation,Strongly agree,Neither agree nor disagree,Strongly agree,Strongly agree,Strongly agree,Strongly agree,Strongly agree,Strongly agree,Agree,Neither agree nor disagree,Strongly Disagree,Strongly Disagree,Neither agree nor disagree,Strongly agree,Strongly Disagree,Strongly Disagree,Neither agree nor disagree,Agree,Not at all,Not at all,A little,Fairly,Very,Very,Fairly,Not at all,Not at all,Not at all,Not at all,Not at all,Very,Very,A little,Not at all,Not at all,Not at all,Not at all,Not at all,Not at all,Not at all,Not at all,Not at all,Not at all,Not at all,Not at all,Not at all,Very,Very,A little,Not at all,Not at all,Not at all,Not at all,A little
16,Log Summarisation,Strongly agree,Strongly Disagree,Strongly agree,Strongly agree,Neither agree nor disagree,Strongly agree,Strongly agree,Strongly agree,Strongly agree,Strongly agree,Strongly Disagree,Strongly Disagree,Strongly Disagree,Strongly Disagree,Strongly Disagree,Strongly Disagree,Strongly Disagree,Strongly Disagree,Not at all,Not at all,Not at all,Not at all,Very,Very,Very,Very,Not at all,Not at all,Not at all,Not at all,Very,Very,Very,Very,Not at all,Not at all,Not at all,Not at all,Not at all,Not at all,Not at all,Not at all,Not at all,Not at all,Not at all,Not at all,Very,Very,Very,Very,Not at all,Not at all,Not at all,Not at all
16,Commit Message Generation,Strongly agree,Strongly Disagree,Strongly agree,Strongly agree,Agree,Strongly agree,Strongly agree,Strongly agree,Strongly agree,Strongly agree,Strongly Disagree,Strongly Disagree,Strongly Disagree,Strongly Disagree,Neither agree nor disagree,Strongly Disagree,Strongly Disagree,Strongly Disagree,Not at all,Not at all,Not at all,Not at all,Not at all,Fairly,Very,Very,Not at all,Not at all,Not at all,Not at all,Very,Very,Very,Very,Not at all,Not at all,Not at all,Not at all,Not at all,Not at all,Not at all,Not at all,Not at all,Not at all,Not at all,Not at all,Fairly,Very,Very,Very,Fairly,Not at all,Not at all,Not at all
17,Lecture Explanation,Agree,Disagree,Strongly agree,Strongly agree,Agree,Agree,Disagree,Agree,Disagree,Neither agree nor disagree,Neither agree nor disagree,Disagree,Disagree,Neither agree nor disagree,Strongly agree,Disagree,Disagree,Neither agree nor disagree,Not at all,Not at all,Not at all,Not at all,Fairly,Very,Very,Very,Not at all,Not at all,Not at all,Not at all,Not at all,Fairly,Very,Very,Not at all,Not at all,Not at all,Not at all,Not at all,Not at all,Not at all,Not at all,Not at all,Not at all,Not at all,Not at all,Not at all,Fairly,Very,Very,Very,A little,Not at all,Not at all
17,Log Summarisation,Neither agree nor disagree,Agree,Neither agree nor disagree,Agree,Strongly Disagree,Agree,Disagree,Agree,Agree,Agree,Neither agree nor disagree,Disagree,Disagree,Disagree,Agree,Disagree,Disagree,Disagree,Not at all,Not at all,Not at all,Not at all,A little,Fairly,Fairly,Fairly,Not at all,Not at all,Not at all,Not at all,Not at all,A little,A little,A little,Not at all,Not at all,Not at all,Not at all,Not at all,Not at all,Not at all,Not at all,Not at all,Not at all,Not at all,Not at all,Not at all,A little,Fairly,Fairly,A little,Not at all,Not at all,Not at all
17,Commit Message Generation,Neither agree nor disagree,Neither agree nor disagree,Neither agree nor disagree,Strongly agree,Disagree,Agree,Disagree,Neither agree nor disagree,Agree,Agree,Disagree,Disagree,Neither agree nor disagree,Neither agree nor disagree,Agree,Disagree,Disagree,Disagree,Not at all,Not at all,Not at all,Not at all,A little,A little,Fairly,Fairly,Not at all,Not at all,Not at all,Not at all,Not at all,Not at all,Not at all,Not at all,Not at all,Not at all,Not at all,Not at all,Not at all,Not at all,Not at all,Not at all,Not at all,Not at all,Not at all,Not at all,Not at all,A little,Fairly,Fairly,Fairly,A little,Not at all,Not at all
17,Code Review,Strongly Disagree,Agree,Neither agree nor disagree,Agree,Disagree,Disagree,Disagree,Neither agree nor disagree,Neither agree nor disagree,Neither agree nor disagree,Agree,Agree,Agree,Agree,Agree,Agree,Agree,Agree,Not at all,Not at all,A little,A little,A little,Not at all,Not at all,Not at all,Not at all,Not at all,Not at all,Not at all,Not at all,A little,A little,A little,Not at all,Not at all,Not at all,Not at all,Not at all,Not at all,Not at all,Not at all,A little,A little,A little,A little,Fairly,Not at all,Not at all,Not at all,Fairly,Not at all,Not at all,Not at all
18,Log Summarisation,Agree,Neither agree nor disagree,Agree,Agree,Disagree,Agree,Agree,Strongly agree,Agree,Agree,Disagree,Strongly Disagree,Strongly Disagree,Strongly Disagree,Neither agree nor disagree,Disagree,Disagree,Disagree,A little,A little,Not at all,Not at all,A little,A little,Fairly,Fairly,Not at all,Not at all,A little,Not at all,A little,Not at all,A little,Not at all,A little,Not at all,A little,Not at all,Not at all,Not at all,Not at all,Not at all,A little,A little,A little,Not at all,Not at all,A little,Fairly,Fairly,Not at all,Not at all,Not at all,A little
18,Commit Message Generation,Disagree,Agree,Agree,Agree,Agree,Neither agree nor disagree,Agree,Disagree,Agree,Disagree,Disagree,Agree,Agree,Disagree,Agree,Agree,Agree,Neither agree nor disagree,Not at all,Not at all,Not at all,Not at all,A little,Not at all,A little,Not at all,Not at all,A little,A little,Not at all,Fairly,Fairly,A little,Not at all,Not at all,A little,A little,Not at all,Not at all,Not at all,Not at all,Not at all,A little,Fairly,A little,Not at all,A little,A little,A little,A little,Not at all,Not at all,Not at all,A little
18,Code Review,Disagree,Agree,Agree,Agree,Agree,Disagree,Agree,Disagree,Neither agree nor disagree,Strongly Disagree,Disagree,Neither agree nor disagree,Agree,Agree,Agree,Disagree,Agree,Disagree,Not at all,Not at all,Not at all,Not at all,A little,Not at all,A little,A little,Not at all,A little,Fairly,Not at all,A little,Fairly,Fairly,A little,Not at all,Not at all,Not at all,Not at all,Not at all,Not at all,Not at all,Not at all,A little,Fairly,Fairly,Not at all,A little,Not at all,A little,A little,Not at all,Not at all,Not at all,Not at all
18,Lecture Explanation,Strongly agree,Disagree,Strongly agree,Strongly agree,Agree,Agree,Disagree,Strongly agree,Strongly agree,Strongly agree,Strongly Disagree,Strongly Disagree,Disagree,Disagree,Agree,Agree,Agree,Agree,Not at all,Not at all,Not at all,Not at all,Fairly,Fairly,Fairly,Fairly,Not at all,Not at all,Not at all,Not at all,A little,A little,A little,Not at all,Not at all,Not at all,Not at all,Not at all,Not at all,Not at all,Not at all,Not at all,Not at all,Not at all,Not at all,Not at all,A little,Fairly,Very,Fairly,Not at all,Not at all,A little,Not at all
19,Commit Message Generation,Strongly agree,Neither agree nor disagree,Neither agree nor disagree,Strongly agree,Disagree,Agree,Agree,Agree,Agree,Agree,Disagree,Disagree,Disagree,Disagree,Disagree,Disagree,Disagree,Disagree,Not at all,Not at all,Not at all,Not at all,Not at all,Not at all,Not at all,Not at all,Not at all,Not at all,Not at all,Not at all,Not at all,Not at all,Not at all,Not at all,Not at all,Not at all,Not at all,Not at all,Not at all,Not at all,Not at all,Not at all,Not at all,Not at all,Not at all,Not at all,Not at all,Not at all,Not at all,Not at all,Very,Very,Very,Very
19,Code Review,Agree,Disagree,Neither agree nor disagree,Agree,Agree,Agree,Strongly agree,Strongly agree,Strongly agree,Strongly agree,Disagree,Disagree,Disagree,Disagree,Neither agree nor disagree,Neither agree nor disagree,Disagree,Disagree,Not at all,Not at all,Not at all,Not at all,Not at all,Not at all,Not at all,Not at all,Not at all,Not at all,Not at all,A little,Not at all,Not at all,Not at all,Not at all,Not at all,Not at all,Not at all,Not at all,Not at all,Not at all,Not at all,A little,Not at all,Not at all,Not at all,Not at all,Not at all,Not at all,Not at all,Not at all,Very,Very,Very,Fairly
19,Lecture Explanation,Strongly agree,Strongly Disagree,Agree,Strongly agree,Agree,Agree,Strongly agree,Agree,Agree,Agree,Disagree,Disagree,Disagree,Disagree,Disagree,Disagree,Disagree,Disagree,Not at all,Not at all,Not at all,Not at all,Not at all,Not at all,Not at all,Not at all,Not at all,Not at all,Not at all,A little,Not at all,Not at all,Not at all,Not at all,Not at all,Not at all,Not at all,Not at all,Not at all,Not at all,A little,A little,Not at all,Not at all,Not at all,Not at all,Not at all,Not at all,Not at all,Not at all,Fairly,Fairly,Fairly,Fairly
19,Log Summarisation,Agree,Strongly Disagree,Disagree,Agree,Disagree,Agree,Agree,Agree,Agree,Agree,Disagree,Disagree,Disagree,Disagree,Disagree,Disagree,Disagree,Disagree,Not at all,Not at all,Not at all,Not at all,Not at all,Not at all,Not at all,Not at all,Not at all,Not at all,Not at all,Not at all,Not at all,Not at all,Not at all,Not at all,Not at all,Not at all,Not at all,Not at all,Not at all,Not at all,Not at all,Not at all,Not at all,Not at all,Not at all,Not at all,Not at all,Not at all,Not at all,Not at all,Very,Very,Very,Very
